miRNA,Provided ID,Transcript ENST,Gene ENSG,Interaction,Interaction Prob. Score [0-1],No. of target sites,Target site no.,Position in 3'-UTR,Position in cDNA,Binding,Binding Prob. Score [0-1],Binding type,miRNA sequence,Bound transcript sequence,Predicted structure by IntaRNA,Col1,Col2,Col3,Col4,Col5,Col6,Col7,Col8,Col9,Col10,Col11,Col12,Col13,Col14,Col15,Col16,Col17,Col18,Col19,Col20,Col21,Col22,Col23,Col24,Col25,Col26,Col27,Col28,Col29,Col30,Col31,Col32,Col33,Col34,Col35,Col36,Col37,Col38,Col39,Col40,Col41,Col42,Col43,Col44,Col45,Col46,Col47,Col48,Col49,Col50
hsa-miR-219b-3p,ENST00000318803,ENST00000318803,ENSG00000117069,No,0.048,1,1,526-548,1433-1455,No,0.095,7-mer-A1,AGAAUUGCGUUUGGACAAUCAGU,UUAGGAGCUGAACAUUCAAUUCA,,A,G,A,A,U,U,G, , ,C,G,U,U,U,G,G,A,C,A,A,U,C,A,G,U,,,,,,,,,,,,,,,,,,,,,,,,,
,,,,,,,,,,,,,,,, ,|,|,|,|,|,|, , , , ,|,|,:,:,|, , , , , , , , , ,,,,,,,,,,,,,,,,,,,,,,,,,
,,,,,,,,,,,,,,,,A,C,U,U,A,A,C,U,U,A,C,A,A,G,U,C,G,A,G,G,A,U,U,C,C,,,,,,,,,,,,,,,,,,,,,,,,,
hsa-miR-224-3p,ENST00000340080,ENST00000340080,ENSG00000164654,No,0.737,3,1,706-728,3743-3765,No,0.245,7-mer-m8,AAAAUGGUGCCCUAGUGACUACA,UAGAGAAAAACAUGUACCAUUUC,,A,A,A,A,U,G,G,U,G,C,C,C,U,A,G,U,G,A,C,U,A,C,A,,,,,,,,,,,,,,,,,,,,,,,,,,,
,,,,,,,,,,,,,,,, ,|,|,|,|,|,|,|, ,|, , , , , , , , , , , , , ,,,,,,,,,,,,,,,,,,,,,,,,,,,
,,,,,,,,,,,,,,,,C,U,U,U,A,C,C,A,U,G,U,A,C,A,A,A,A,A,G,A,G,A,U,,,,,,,,,,,,,,,,,,,,,,,,,,,
hsa-miR-224-3p,ENST00000340080,ENST00000340080,ENSG00000164654,No,0.737,3,2,868-890,3905-3927,No,0.317,7-mer-A1,AAAAUGGUGCCCUAGUGACUACA,GAUUAUAUGUAACUAGCCAUUUA,,A,A,A,A,U,G,G,U,G,C,C,C,U,A,G,U,G,A,C,U,A,C,A,,,,,,,,,,,,,,,,,,,,,,,,,,,
,,,,,,,,,,,,,,,, ,|,|,|,|,|,|, , , , ,|,|,|,|,|, , , , , , , ,,,,,,,,,,,,,,,,,,,,,,,,,,,
,,,,,,,,,,,,,,,,A,U,U,U,A,C,C,G,A,U,C,G,A,U,C,A,A,U,G,U,A,U,A,,,,,,,,,,,,,,,,,,,,,,,,,,,
hsa-miR-224-3p,ENST00000340080,ENST00000340080,ENSG00000164654,No,0.737,3,3,991-1013,4028-4050,No,0.47,7-mer-m8,AAAAUGGUGCCCUAGUGACUACA,GGGGUCACUUCAGAGACCAUUUU,,A,A,A,A,U,G,G,U,G,C,C,C, ,U,A,G,U,G,A,C,U,A,C,A,,,,,,,,,,,,,,,,,,,,,,,,,,
,,,,,,,,,,,,,,,, ,|,|,|,|,|,|,|, , , , , , ,|,|,|,|,|,|,:, , , ,,,,,,,,,,,,,,,,,,,,,,,,,,
,,,,,,,,,,,,,,,,U,U,U,U,A,C,C,A,G,A,G,A,C,U,U,C,A,C,U,G,G,G,G,U,,,,,,,,,,,,,,,,,,,,,,,,,,
hsa-miR-224-3p,ENST00000430863,ENST00000430863,ENSG00000226807,Yes,0.939,1,1,86-108,4124-4146,Yes,0.824,6-mer,AAAAUGGUGCCCUAGUGACUACA,GUUGCAUAACGUUUUUCCAUUUG,,A,A,A,A,U,G,G, , , ,U,G,C,C,C,U,A, ,G,U,G,A,C,U,A,C,A,,,,,,,,,,,,,,,,,,,,,,,
,,,,,,,,,,,,,,,, ,|,|,|,|,|,|, , , , , ,|, , ,|,|, ,|,:,:,|,|,:,|, , ,,,,,,,,,,,,,,,,,,,,,,,
,,,,,,,,,,,,,,,,G,U,U,U,A,C,C,U,U,U,U,U,G,C,A,A,U,A,C,G,U,U,G,G,U,U,C,,,,,,,,,,,,,,,,,,,,,,,
hsa-miR-3614-3p,ENST00000375771,ENST00000375771,ENSG00000162458,No,0.048,1,1,184-206,1749-1771,No,0.097,7-mer-m8,UAGCCUUCAGAUCUUGGUGUUUU,ACCCUCUGGGCACCAGAAGGCUC,,U,A,G,C,C,U,U,C,A,G,A,U,C,U,U,G,G,U,G,U,U,U,U,,,,,,,,,,,,,,,,,,,,,,,,,,,
,,,,,,,,,,,,,,,, ,|,|,|,|,|,|,|, , , , , , ,|,|,|,|,|,:, , , ,,,,,,,,,,,,,,,,,,,,,,,,,,,
,,,,,,,,,,,,,,,,C,U,C,G,G,A,A,G,A,C,C,A,C,G,A,C,C,A,C,G,G,G,U,,,,,,,,,,,,,,,,,,,,,,,,,,,
hsa-miR-3941,ENST00000340080,ENST00000340080,ENSG00000164654,No,0.085,1,1,538-559,3575-3596,Yes,0.776,7-mer-m8,UUACACACAACUGAGGAUCAUA,AUGUGUCUAUGUGUGUGUGUAU,,U,U,A,C,A,C,A,C,A, ,A,C,U,G,A,G,G,A,U,C,A,U,A,,,,,,,,,,,,,,,,,,,,,,,,,,,
,,,,,,,,,,,,,,,, ,|,|,|,|,|,|,|, , ,|,|, , ,|,|,:, , ,|,|,|,|,,,,,,,,,,,,,,,,,,,,,,,,,,,
,,,,,,,,,,,,,,,,U,A,U,G,U,G,U,G,U,G,U,G,U,A,U,C,U,G,U,G,U,A,U,,,,,,,,,,,,,,,,,,,,,,,,,,,
hsa-miR-3941,ENST00000395227,ENST00000395227,ENSG00000162594,No,0.048,1,1,458-479,1374-1395,No,0.087,6-mer,UUACACACAACUGAGGAUCAUA,AAAACAGCUCUCUAUUGUGUAC,,U,U,A,C,A,C,A,C,A,A,C,U,G,A,G,G,A,U,C,A,U,A,,,,,,,,,,,,,,,,,,,,,,,,,,,,
,,,,,,,,,,,,,,,, ,|,|,|,|,|,|, , , , , ,|,|,|, , , , , , , ,,,,,,,,,,,,,,,,,,,,,,,,,,,,
,,,,,,,,,,,,,,,,C,A,U,G,U,G,U,U,A,U,C,U,C,U,C,G,A,C,A,A,A,A,,,,,,,,,,,,,,,,,,,,,,,,,,,,
hsa-miR-4436b-3p,ENST00000375771,ENST00000375771,ENSG00000162458,Yes,0.94,1,1,1679-1700,3244-3265,Yes,0.898,6-mer,CAGGGCAGGAAGAAGUGGACAA,CAGACCACAGCGUCUUGCCCUG,,C,A,G,G,G,C,A,G,G,A,A,G,A,A,G,U,G,G,A,C,A,A,,,,,,,,,,,,,,,,,,,,,,,,,,,,
,,,,,,,,,,,,,,,, ,|,|,|,|,|,|,:, ,|, ,|, , ,|,|,|,|, , , , ,,,,,,,,,,,,,,,,,,,,,,,,,,,,
,,,,,,,,,,,,,,,,G,U,C,C,C,G,U,U,C,U,G,C,G,A,C,A,C,C,A,G,A,C,,,,,,,,,,,,,,,,,,,,,,,,,,,,
hsa-miR-4704-3p,ENST00000289488,ENST00000289488,ENSG00000184154,No,0.048,1,1,294-315,1561-1582,No,0.136,6-mer,UCAGUCACAUAUCUAGUGUCUA,AGGCGCCUGCCACCAUGACUGG,,U,C,A,G,U,C,A,C,A,U,A, ,U,C,U,A,G,U,G,U,C,U,A,,,,,,,,,,,,,,,,,,,,,,,,,,,
,,,,,,,,,,,,,,,, ,|,|,|,|,|,|, , , , , , ,|, , ,|,:,|,:,|,|, ,,,,,,,,,,,,,,,,,,,,,,,,,,,
,,,,,,,,,,,,,,,,G,G,U,C,A,G,U,A,C,C,A,C,C,G,U,C,C,G,C,G,G,A,A,,,,,,,,,,,,,,,,,,,,,,,,,,,
